,city,pop_2018_est
0,Mead Valley,19925
1,Meridian,405
2,Mesa Verde,584
3,Mexican Colony,363
4,Midpines,1396
5,Midway City,8374
6,Milford,181
7,Minkler,1074
8,Miranda,672
9,Monmouth,103
10,Mono City,98
11,Monson,380
12,Maywood,27542
13,Monrovia,37006
14,Palmdale,156904
15,Quartz Hill,10164
16,Redondo Beach,67700
17,San Marino,13285
18,Santa Fe Springs,17791
19,Sierra Madre,11006
20,Manhattan Beach,35573
21,San Rafael,58939
22,Santa Venetia,4790
23,Sausalito,7139
24,Stinson Beach,556
25,Bootjack,768
26,Hayfork,2421
27,Lewiston,1340
28,Beaumont,45403
29,Bermuda Dunes,6817
30,Rocklin,63127
31,Grayson,1224
32,Keyes,6185
33,Corcoran,22301
34,Stratford,878
35,Laguna Hills,31185
36,Alpaugh,1074
37,Farmersville,10742
38,Strathmore,2915
39,Visalia,131066
40,Laguna Woods,16228
41,La Habra,61910
42,Seal Beach,24364
43,Villa Park,5912
44,Meadow Vista,3460
45,Hayward,158241
46,Livermore,89027
47,Lemon Grove,26767
48,Fetters Hot Springs-Agua Caliente,4697
49,Healdsburg,11802
50,Petaluma,60635
51,Mineral,292
52,Red Bluff,14132
53,Laytonville,1175
54,Montalvin Manor,3023
55,Monterey Park Tract,291
56,Monument Hills,1700
57,Moskowite Corner,151
58,Mountain Center,0
59,Mountain Gate,794
60,Mountain House,15645
61,Mount Hermon,998
62,Mount Laguna,0
63,Myers Flat,0
64,Newcastle,1167
65,New Cuyama,763
66,Newell,342
67,New Pine Creek,71
68,Nicasio,106
69,Nicolaus,166
70,Nipinnawasee,319
71,Nord,426
72,Norris Canyon,987
73,North Gate,559
74,North Richmond,4233
75,Elk Grove,168503
76,El Dorado Hills,45599
77,West Point,571
78,Mountain View,80993
79,Bonsall,4464
80,Lake Forest,82911
81,Santa Ana,333499
82,Lemoore,25791
83,Poplar-Cotton Center,2436
84,La Presa,37437
85,Los Molinos,1845
86,Agoura Hills,20636
87,Mendocino,782
88,Eldridge,1351
89,Duarte,21713
90,Fort Bragg,7298
91,Solana Beach,13370
92,Rolling Hills,1630
93,Whittier,86523
94,North El Monte,4028
95,Cherryland,16387
96,Shingle Springs,3865
97,South Lake Tahoe,21814
98,Lockeford,3390
99,Morada,4068
100,Stockton,306283
101,Lakeport,4855
102,Leggett,62
103,Lemon Hill,14096
104,Leona Valley,1581
105,Likely,0
106,Lindcove,438
107,Linnell Camp,686
108,Litchfield,178
109,Little River,189
110,Hollister,37835
111,Artesia,16817
112,Azusa,49544
113,Baldwin Park,76222
114,Cerritos,50172
115,Commerce,12933
116,Hidden Hills,1634
117,Industry,344
118,Inglewood,110327
119,Lennox,21329
120,Canyondam,66
121,Crescent Mills,287
122,La Porte,0
123,Little Grass Valley,0
124,Mohawk Vista,63
125,Chinese Camp,206
126,West Puente Valley,23629
127,Colusa,5902
128,Forest Meadows,1516
129,El Cerrito,5471
130,Idyllwild-Pine Cove,2459
131,Winterhaven,210
132,Chowchilla,18533
133,Parksdale,2493
134,Cathedral City,54037
135,Highgrove,4986
136,Lindsay,13232
137,Woodside,5541
138,Buttonwillow,1591
139,Banning,30942
140,Calimesa,8651
141,Home Gardens,11442
142,Brawley,26009
143,El Centro,43898
144,Holtville,6458
145,Imperial,17175
146,Lucerne,2956
147,North Lakeport,3141
148,Lake of the Pines,4137
149,Truckee,16377
150,Dillon Beach,219
151,Romoland,2227
152,Indio,88291
153,Murrieta,111427
154,Thousand Palms,7814
155,Calexico,39934
156,Desert Shores,619
157,Ocotillo,58
158,Bolinas,1077
159,Corte Madera,9866
160,Bodfish,1384
161,Delano,52713
162,Channel Islands Beach,2864
163,Golden Hills,9407
164,Keene,313
165,Lost Hills,1943
166,Lockwood,604
167,Lodoga,126
168,Loleta,676
169,Loma Mar,114
170,Elmira,285
171,Rio Vista,8618
172,Vallejo,120977
173,Burbank,5252
174,Colfax,2029
175,San Joaquin,4021
176,Shaver Lake,498
177,Alum Rock,11791
178,Fruitdale,899
179,Los Altos,30588
180,Milpitas,77457
181,Morgan Hill,43876
182,Magalia,12671
183,Paradise,26543
184,Willits,4893
185,West Menlo Park,4116
186,Bear Valley Springs,5442
187,Montecito,8611
188,Toro Canyon,1735
189,Big Pine,1568
190,Round Valley,533
191,West Bishop,2661
192,Wilkerson,431
193,Almanor,0
194,Lake Almanor Country Club,302
195,Madera,64362
196,Muir Beach,242
197,Novato,55523
198,Mariposa,1351
199,Cameron Park,19902
200,Susanville,15216
201,Country Club,9846
202,Kennedy,3665
203,Merced,82289
204,Portola Valley,4594
205,Tracy,88806
206,Meadow Valley,362
207,Chilcoot-Vinton,147
208,Iron Horse,60
209,Paxton,0
210,Valley Ranch,10
211,Oakhurst,3424
212,Bertsch-Oceanview,2042
213,Crescent City,6681
214,Klamath,617
215,Clearlake,15323
216,Middletown,757
217,Arcata,18050
218,Humboldt Hill,4268
219,Teviston,1027
220,Thermal,1359
221,Thornton,1038
222,Three Rocks,210
223,University of California-Merced,0
224,Timber Cove,149
225,Tonyville,881
226,Tooleville,309
227,Topanga,7449
228,Topaz,234
229,Tres Pinos,662
230,Trinity Center,161
231,Trinity Village,279
232,Trona,37
233,Trowbridge,296
234,Tuttle,63
235,Tuttletown,941
236,Valley Ford,148
237,Valley Home,202
238,Valley Wells,0
239,Verdi,187
240,Victor,444
241,Vina,210
242,Vista Santa Rosa,2967
243,Volcano,44
244,Volta,216
245,Walker,863
246,Warm Springs,1903
247,Warner Valley,0
248,Washington,53
249,Waterloo,719
250,Waukena,215
251,Wawona,196
252,Weott,271
253,West Goshen,567
254,West Park,1035
255,West Rancho Dominguez,22932
256,Whitley Gardens,164
257,Wilsonia,0
258,Woodbridge,3865
259,Charter Oak,9760
260,Cudahy,24016
261,Florence-Graham,64162
262,Gardena,59924
263,Hawthorne,87370
264,Hermosa Beach,19650
265,Patterson,21783
266,Riverbank,24237
267,Orangevale,34757
268,McFarland,14456
269,Tehachapi,12753
270,Castro Valley,63288
271,Calwa,1974
272,Clovis,106666
273,Glen Ellen,727
274,Rohnert Park,42694
275,Chico,91998
276,Oroville East,7368
277,Doyle,622
278,Drytown,20
279,Dunnigan,1278
280,Dutch Flat,196
281,Eagleville,81
282,East Nicolaus,254
283,East Rancho Dominguez,16734
284,East Tulare Villa,980
285,Edmundson Acres,514
286,Edna,186
287,Elizabeth Lake,1895
288,Elk Creek,191
289,El Nido,328
290,El Portal,268
291,El Rancho,65
292,El Sobrante (Riverside County),13966
293,Elverta,5821
294,Eucalyptus Hills,6017
295,Fairmead,1876
296,Fiddletown,329
297,Fieldbrook,921
298,Fields Landing,325
299,Fish Camp,90
300,Cloverdale,8798
301,Woodlands,1743
302,Yankee Hill,301
303,Yettem,441
304,Yolo,429
305,Zayante,939
306,Beckwourth,214
307,Montara,2692
308,San Anselmo,12567
309,Yosemite Lakes,5647
310,Rancho Mirage,18075
311,Redlands,71012
312,Searles Valley,1646
313,Nevada City,3128
314,Kelseyville,3332
315,Alta Sierra,7207
316,Lake Wildwood,5208
317,McKinleyville,16612
318,Lake of the Woods,768
319,Lebec,1802
320,Mettler,138
321,Mountain Mesa,1236
322,Onyx,588
323,Randsburg,64
324,Rosamond,20028
325,Stallion Springs,3625
326,Wasco,26708
327,Camarillo,67543
328,Casa Conejo,3366
329,Moorpark,36274
330,Simi Valley,126199
331,Thousand Oaks,128481
332,Lake Elsinore,64037
333,La Quinta,40704
334,Palm Springs,47525
335,Reedley,25493
336,Malaga,1337
337,Angels,3811
338,La Cañada Flintridge,20374
339,Foresthill,1546
340,Granite Bay,22439
341,Loomis,6753
342,Day Valley,3439
343,Del Rio,1235
344,Empire,3667
345,Three Rivers,2397
346,West Modesto,5911
347,Dinuba,23871
348,Lemon Cove,267
349,Traver,740
350,Woodlake,7636
351,American Canyon,20306
352,Folsom,77007
353,Sacramento,495011
354,Walnut Grove,1300
355,Avery,559
356,Valley Springs,3428
357,Torrance,146392
358,San Andreas,3085
359,London,1854
360,Felton,3810
361,Twin Lakes,5642
362,Bret Harte,5319
363,Modesto,211336
364,Salida,14658
365,Turlock,72335
366,Westley,838
367,Rio Linda,15460
368,Hickman,566
369,Hughson,7370
370,Cutler,5774
371,Goshen,3316
372,Springville,872
373,Kings Beach,2833
374,Lincoln,46939
375,North Auburn,13707
376,Bluewater,161
377,Rialto,102873
378,Wrightwood,4283
379,Orcutt,30493
380,Santa Ynez,4401
381,Carmichael,64785
382,Florin,49132
383,Vineyard,28315
384,Potter Valley,437
385,Princeton,297
386,Proberta,165
387,Rackerby,189
388,Red Corral,1930
389,Redcrest,23
390,Watsonville,53616
391,Earlimart,8790
392,East Orosi,955
393,Redwood Valley,1376
394,Reliez Valley,3575
395,Richfield,272
396,Richvale,99
397,Rio Oso,406
398,Ripley,408
399,River Pines,607
400,Robbins,321
401,Robinson Mill,35
402,Rodriguez Camp,87
403,Rolling Hills,896
404,Rose Hills,2612
405,Rough and Ready,828
406,Rouse,2420
407,Ruth,145
408,Rutherford,72
409,Salmon Creek,20
410,Samoa,284
411,San Miguel (Contra Costa County),2993
412,San Miguel (San Luis Obispo County),2807
413,San Pasqual,1932
414,San Simeon,583
415,Santa Margarita,1252
416,Santa Nella,2508
417,Santa Rosa Valley,3180
418,Santa Susana,1050
419,Saranap,6492
420,Saticoy,1201
421,Bodega,473
422,Bonny Doon,3009
423,Bridgeport,464
424,Brookdale,2345
425,Brooktrails,3709
426,Buckhorn,2246
427,Boulevard,445
428,Buck Meadows,51
429,Buena Vista,526
430,Burnt Ranch,338
431,Butte Creek Canyon,931
432,Butte Meadows,53
433,Butte Valley,510
434,California Hot Springs,36
435,California Pines,488
436,Callender,1583
437,Calpella,562
438,Calpine,216
439,Camanche North Shore,1029
440,Camanche Village,620
441,Camino,1799
442,Camino Tassajara,3798
443,Camp Nelson,0
444,Campo,3482
445,Camptonville,162
446,Canby,497
447,Carmet,0
448,Pixley,3796
449,Terra Bella,3304
450,Tulare,62838
451,Arbuckle,3636
452,Lenwood,3884
453,Montclair,38865
454,Mountain View Acres,4260
455,San Antonio Heights,3034
456,Twentynine Palms,26109
457,Lompoc,43511
458,Solvang,5734
459,Vandenberg Village,7861
460,Foothill Farms,33749
461,North Highlands,48968
462,La Crescenta-Montrose,19500
463,Rancho Murieta,5603
464,El Segundo,16850
465,Irwindale,1405
466,Lomita,20628
467,Long Beach,468883
468,Pasadena,141246
469,Pomona,152494
470,South San Jose Hills,20593
471,Val Verde,2996
472,Walnut,30008
473,West Carson,22537
474,West Whittier-Los Nietos,27144
475,Copperopolis,4299
476,Murphys,2100
477,Napa,79516
478,St. Helena,6079
479,Colton,54415
480,Loma Linda,24078
481,Mentone,9847
482,Muscoy,13726
483,Summerland,923
484,Vandenberg AFB,3379
485,Dixon Lane-Meadow Creek,2760
486,Shoshone,13
487,Belden,0
488,Bucks Lake,15
489,Lake San Marcos,4890
490,Carmel Valley Village,4293
491,Mount Hebron,78
492,Mount Shasta,3284
493,Chualar,1442
494,Monterey,28512
495,Soledad,25597
496,Camp Pendleton South,11459
497,Coronado,23620
498,Encinitas,62713
499,Escondido,151115
500,Wildomar,36162
501,Menifee,88515
502,Dublin,59172
503,Emeryville,11724
504,Costa Mesa,113198
505,Orange,139873
506,Alondra Park,8097
507,Altadena,45146
508,Claremont,36025
509,El Monte,115669
510,Glendora,51773
511,Huntington Park,58694
512,Carnelian Bay,463
513,Casmalia,111
514,Caspar,812
515,Castaic,18921
516,Castle Hill,1145
517,Catheys Valley,794
518,Cazadero,288
519,Cedar Ridge,1037
520,Cedar Slope,0
521,Alto,765
522,Anchor Bay,314
523,Anza,3151
524,Auburn Lake Trails,3499
525,Ballard,473
526,Artois,292
527,Aspen Springs,67
528,Baker,607
529,Ballico,401
530,Bangor,372
531,Bass Lake,500
532,Bayview (Contra Costa County),1954
533,Bayview (Humboldt County),2617
534,Bear Creek,157
535,Bell Canyon,2391
536,Benbow,161
537,Bend,457
538,Benton,313
539,Berry Creek,1241
540,Bieber,178
541,Bear Valley (Alpine County),58
542,Colma,1450
543,Emerald Lake Hills,4594
544,Blythe,19581
545,La Habra Heights,5383
546,Lakewood,80771
547,Malibu,12846
548,Rancho Palos Verdes,42271
549,Soquel,10862
550,East Oakdale,3344
551,Mountain Ranch,1306
552,Crestline,9381
553,Grand Terrace,12482
554,Hesperia,93609
555,Lake Arrowhead,9765
556,Yucaipa,53264
557,Isla Vista,27690
558,Mission Hills,3796
559,Rosemont,23617
560,Hamilton City,2224
561,Big Bear City,13312
562,Montague,1517
563,Cottonwood,3289
564,Shingletown,2272
565,August,8774
566,Escalon,7509
567,Ridgemark,3062
568,Cantua Creek,273
569,Sebastopol,7666
570,Lemoore Station,7063
571,Parlier,15120
572,Willowbrook,22402
573,Hidden Valley Lake,6044
574,Lancaster,159662
575,Rowland Heights,50602
576,Mi-Wuk Village,1133
577,Carpinteria,13550
578,North San Juan,328
579,North Shore,2892
580,Nubieber,20
581,Oak Glen,420
582,Oak Hills,9700
583,Oak Shores,282
584,Oakville,188
585,Oasis,3020
586,Old Fig Garden,5529
587,Old Station,35
588,Orick,296
589,Pajaro Dunes,255
590,Delhi,11735
591,Dos Palos,5272
592,Hanford,55893
593,San Juan Bautista,2106
594,Monte Rio,1156
595,Sonoma,11074
596,Windsor,27506
597,Soulsbyville,2286
598,Burney,3807
599,McArthur,386
600,Temple City,36137
601,Vernon,90
602,View Park-Windsor Hills,11580
603,West Athens,8574
604,Angwin,3424
605,Calistoga,5285
606,Columbia,2217
607,Jamestown,2687
608,Tuolumne City,1577
609,Millville,682
610,Round Mountain,112
611,Acampo,294
612,Acalanes Ridge,889
613,Adin,201
614,Agua Dulce,3728
615,Aguanga,835
616,Ahwahnee,2461
617,Airport,1222
618,Alhambra Valley,739
619,Antelope,47326
620,Albion,302
621,Alderpoint,157
622,Alleghany,30
623,Allendale,1362
624,Allensworth,527
625,Alta,485
626,Biggs,2323
627,Oroville,19040
628,Palermo,5544
629,South Oroville,3181
630,Thermalito,6704
631,Borrego Springs,2252
632,Bostonia,17530
633,Del Mar,4340
634,El Cajon,103285
635,Castroville,6686
636,Lake Los Angeles,11469
637,Del Rey Oaks,1596
638,Elkhorn,1151
639,Sand City,318
640,Benicia,28088
641,Dixon,19759
642,Arroyo Grande,18039
643,Atascadero,30037
644,Oceano,7678
645,Shandon,1141
646,Lathrop,21393
647,El Granada,5819
648,San Mateo,104035
649,South Taft,1526
650,Boron,2312
651,Eureka,27020
652,Isleton,583
653,Ladera Heights,7090
654,Westmont,33723
655,Fair Oaks,31002
656,Bakersfield,375699
657,Corona,165355
658,Woodcrest,17310
659,Mammoth Lakes,8091
660,Cabazon,3367
661,French Camp,3857
662,Clearlake Oaks,2279
663,Canyon Lake,11106
664,Winters,7132
665,Deer Park,906
666,Tara Hills,5405
667,Mill Valley,14343
668,Le Grand,1726
669,Brentwood,60446
670,Pleasant Hill,34785
671,Roseville,133049
672,Williams,5223
673,Loyalton,1149
674,Sunnyside-Tahoe City,1222
675,East Richmond Heights,3214
676,Chino,87735
677,Salton Sea Beach,355
678,Carrick,47
679,Rainbow,1994
680,Victorville,121861
681,Keeler,15
682,Blairsden,25
683,Point Arena,418
684,Crest,2746
685,Rancho San Diego,21289
686,San Diego Country Estates,10381
687,Anaheim,349668
688,Fullerton,139866
689,Brea,42330
690,Cypress,48955
691,Dana Point,33913
692,Huntington Beach,200606
693,Rossmoor,11160
694,Fillmore,15598
695,El Rio,6505
696,Vallecito,183
697,San Bernardino,215182
698,Orland,7541
699,Running Springs,4296
700,Delleker,514
701,Hacienda Heights,54970
702,Lakeside,22560
703,National City,60896
704,Rancho Santa Fe,2591
705,San Marcos,94709
706,Bodega Bay,733
707,Boyes Hot Springs,7863
708,Santa Rosa,181038
709,Temelec,1564
710,Fountain Valley,56372
711,Avenal,12923
712,Kettleman City,1395
713,Irvine,265502
714,Los Alamitos,11628
715,Newark,46276
716,Easton,2206
717,Kerman,14649
718,Sonora,4822
719,Twain Harte,2523
720,Redway,1199
721,Rio Dell,3382
722,Sattley,77
723,Scotia,602
724,Seacliff,3201
725,Sea Ranch,1161
726,Sequoia Crest,28
727,Sereno del Mar,82
728,Seville,691
729,Shasta,1804
730,Shell Ridge,1281
731,Shelter Cove,501
732,Sheridan,1250
733,Hercules,25343
734,Oakley,40669
735,Rodeo,10411
736,Coalinga,16538
737,Fresno,522277
738,West Sacramento,52826
739,Interlaken,7191
740,Live Oak,17390
741,Rio del Mar,9775
742,Nipomo,17445
743,Oceanside,175389
744,Markleeville,143
745,Morro Bay,10592
746,Fort Jones,832
747,Valinda,25296
748,La Mirada,48974
749,La Verne,32358
750,Lawndale,33007
751,Littlerock,1766
752,Marina del Rey,9771
753,San Dimas,34239
754,San Gabriel,40242
755,Alameda,78462
756,Albany,19758
757,Lynwood,71022
758,Fairview,10299
759,San Lorenzo,25388
760,Wofford Heights,1973
761,East Hemet,20679
762,Homeland,7326
763,Valle Vista,16879
764,Bay Point,25165
765,Crockett,3094
766,El Cerrito,25203
767,Pinole,19264
768,Rollingwood,3110
769,Ojai,7555
770,Port Hueneme,22215
771,Santa Paula,30258
772,Inverness,1127
773,Point Reyes Station,290
774,Lake Almanor West,126
775,Portola,1912
776,Storrie,0
777,Twain,33
778,Livingston,13997
779,East Palo Alto,29633
780,Redwood City,85217
781,San Bruno,43114
782,Lafayette,26060
783,Avalon,3763
784,Woodland,59044
785,Acton,7185
786,Arcadia,58207
787,Bell,35809
788,Carson,92517
789,Compton,97301
790,Diamond Bar,56434
791,East San Gabriel,15932
792,Panorama Heights,42
793,Alturas,2577
794,Westwood,1545
795,Highland,54859
796,Joshua Tree,6980
797,Morongo Valley,3262
798,Ontario,173580
799,Yucca Valley,21543
800,Los Alamos,1623
801,Mission Canyon,2755
802,Hemet,84069
803,Indian Wells,5317
804,Perris,76276
805,Bystrom,4099
806,Waterford,8823
807,East Porterville,6679
808,Ivanhoe,4198
809,San Juan Capistrano,35952
810,Tipton,3218
811,Woodville,1852
812,Rancho Santa Margarita,48792
813,Olivehurst,13309
814,Big Bear Lake,5229
815,Gerber,1259
816,Geyserville,928
817,Gold Mountain,0
818,Good Hope,9173
819,Goodyears Bar,29
820,Grangeville,586
821,Graniteville,0
822,Greeley Hill,687
823,Westminster,91417
824,Marysville,12282
825,Tahoe Vista,1288
826,Moss Beach,3799
827,Inyokern,740
828,Burlingame,30459
829,San Carlos,30080
830,South San Francisco,67294
831,Edwards AFB,2571
832,Frazier Park,2570
833,McKittrick,127
834,Squirrel Mountain Valley,1159
835,Weedpatch,2238
836,Mira Monte,6912
837,Oxnard,207568
838,Black Point-Green Point,1655
839,Lucas Valley-Marinwood,6841
840,Ross,2309
841,San Geronimo,466
842,Tamalpais-Homestead Valley,11261
843,Woodacre,1303
844,Grass Valley,12932
845,Penn Valley,1424
846,Greenville,1108
847,Lake Almanor Peninsula,416
848,Taylorsville,244
849,Tobin,0
850,Planada,4418
851,Winton,11761
852,Broadmoor,5286
853,Moraga,17398
854,Foster City,33784
855,Highlands-Baywood Park,4564
856,Hillsborough,11439
857,North Fair Oaks,14547
858,Johannesburg,138
859,Mojave,4230
860,Oildale,34723
861,Rosedale,16737
862,Coachella,44849
863,Linden,1790
864,Cherry Valley,7755
865,Lakeland Village,13170
866,Lakeview,2566
867,Mecca,7174
868,Moreno Valley,205034
869,Nuevo,7033
870,Wallace,1063
871,Adelanto,33416
872,Bloomington,21783
873,Needles,4962
874,Paradise,186
875,Paradise Park,543
876,Parklawn,1082
877,Parkway,15885
878,Pasatiempo,1018
879,Paskenta,105
880,Patterson Tract,2351
881,Patton Village,604
882,Paynes Creek,53
883,Penngrove,2961
884,Penryn,925
885,Pescadero,226
886,Peters,604
887,Phelan,15532
888,Phillipsville,72
889,Philo,201
890,Phoenix Lake,4283
891,Pierpoint,0
892,Pike,167
893,Pine Canyon,2294
894,Pine Flat,149
895,Pine Grove,1730
896,Pine Mountain Lake,2671
897,Piñon Hills,7592
898,Pioneer,1443
899,Plainview,863
900,Plumas Lake,7367
901,Ponderosa,0
902,Posey,0
903,Poso Park,2
904,Potrero,625
905,Aliso Viejo,50925
906,Yountville,2982
907,Goleta,30790
908,Eastvale,61337
909,Fairbanks Ranch,2901
910,Imperial Beach,27290
911,Poway,49842
912,Valley Center,9059
913,Concow,743
914,Greenfield,17276
915,Pacific Grove,15567
916,San Ardo,554
917,Seaside,34077
918,Suisun City,29379
919,Rancho Calaveras,7035
920,Apple Valley,72359
921,Barstow,23812
922,Big River,1145
923,Winchester,2931
924,Heber,4686
925,Salton City,5611
926,Cartago,7
927,Furnace Creek,127
928,Oak Park,13730
929,San Buenaventura (Ventura),110234
930,Greenacres,5757
931,Green Acres,2542
932,Greenfield,3534
933,Green Valley (Los Angeles County),973
934,Green Valley (Solano County),1572
935,Grimes,358
936,Grizzly Flats,1087
937,Groveland,307
938,Guinda,175
939,Happy Camp,810
940,Hardwick,30
941,Hartland,0
942,Hartley,2907
943,Hasley Canyon,1085
944,Herald,1058
945,Herlong,1353
946,Hiouchi,433
947,Homestead Valley,2723
948,Homewood Canyon,35
949,Honcut,135
950,Hood,303
951,Hopland,921
952,Hornitos,61
953,Hat Creek,164
954,Hyampom,165
955,Idlewild,0
956,Indianola,686
957,Indio Hills,708
958,Jacumba,202
959,Janesville,1278
960,Tustin,80140
961,Beale AFB,1039
962,Ashland,23635
963,Diablo,364
964,Alamo,15317
965,Byron,1348
966,Richmond,109340
967,Vine Hill,3887
968,Hilmar-Irwin,5846
969,Belmont,27110
970,Brisbane,4692
971,Menlo Park,33869
972,Millbrae,22703
973,Newman,11119
974,Riverdale Park,1301
975,Porterville,59797
976,Galt,25675
977,La Riviera,10851
978,Arnold,2605
979,Dorrington,205
980,San Jacinto,47474
981,Arvin,21005
982,California City,13646
983,Derby Acres,380
984,Yreka,7551
985,El Paso de Robles (Paso Robles),31656
986,Moss Landing,61
987,Belvedere,2098
988,Fairfax,7591
989,Cassel,176
990,Cedarville,360
991,Centerville,366
992,Chalfant,999
993,Cherokee,139
994,Clay,1083
995,Clear Creek,226
996,Cherokee Strip,191
997,Clarksburg,442
998,Clearlake Riviera,3933
999,Yosemite Valley,1110
1000,Port Costa,186
1001,San Pablo,30839
1002,Lake Nacimiento,2884
1003,Etna,735
1004,Live Oak,8622
1005,Sutter,2994
1006,East Foothills,6278
1007,Lexington Hills,2603
1008,Carmel-by-the-Sea,3855
1009,Del Monte Forest,4197
1010,San Lucas,472
1011,Spreckels,385
1012,Fallbrook,33021
1013,Granite Hills,2833
1014,Georgetown,2668
1015,McCloud,1072
1016,Lompico,887
1017,Long Barn,93
1018,Lookout,76
1019,Los Berros,541
1020,Los Olivos,831
1021,Los Osos,16292
1022,Los Ranchos,1730
1023,Lucerne Valley,5423
1024,Lytle Creek,724
1025,Mabie,74
1026,McClellan Park,809
1027,McClenney Tract,41
1028,McGee Creek,0
1029,McSwain,4137
1030,East Whittier,10391
1031,Jurupa Valley,103784
1032,Garden Acres,10701
1033,Lincoln Village,4768
1034,Carlsbad,113670
1035,Chula Vista,266468
1036,Clipper Mills,319
1037,Coarsegold,1643
1038,Coffee Creek,186
1039,Cohasset,990
1040,Cold Springs (El Dorado County),675
1041,Cold Springs (Tuolumne County),108
1042,Coleville,515
1043,College City,239
1044,Coloma,673
1045,Comptche,83
1046,Coronita,3138
1047,Courtland,537
1048,Collierville,2642
1049,Cowan,570
1050,Cressey,356
1051,Creston,30
1052,Crowley Lake,889
1053,Crows Landing,278
1054,Cuyama,9
1055,Daphnedale Park,135
1056,Davenport,264
1057,Delft Colony,653
1058,Descanso,1644
1059,Desert Center,264
1060,Desert Edge,3343
1061,Desert Palms,6947
1062,Diablo Grande,841
1063,Dobbins,662
1064,Dogtown,2629
1065,Dos Palos Y,242
1066,Douglas City,668
1067,Downieville,114
1068,Talmage,921
1069,Home Garden,1643
1070,Guerneville,4808
1071,Manton,372
1072,Rancho Tehama Reserve,1922
1073,Durham,5863
1074,Armona,3795
1075,Buena Park,82781
1076,San Leandro,90103
1077,Bowles,194
1078,Huron,7019
1079,Sanger,24978
1080,Alhambra,84974
1081,Bradbury,916
1082,El Sobrante (Contra Costa County),13736
1083,Floriston,20
1084,Cleone,804
1085,Flournoy,171
1086,Forbestown,221
1087,Forest Ranch,538
1088,Fort Bidwell,181
1089,Fort Irwin,9086
1090,Fort Washington,783
1091,Franklin (Merced County),7314
1092,Franklin (Sacramento County),117
1093,Freeport,81
1094,French Valley,33818
1095,Fruitridge Pocket,6215
1096,Fuller Acres,841
1097,Fulton,566
1098,Garberville,1126
1099,Garden Farms,345
1100,Garey,160
1101,Garnet,5057
1102,Gasquet,620
1103,Tiburon,9151
1104,Prunedale,19584
1105,Grover Beach,13538
1106,Hornbrook,215
1107,Tennant,18
1108,Yuba City,66388
1109,Los Altos Hills,8517
1110,Monte Sereno,3492
1111,Saratoga,30886
1112,Sunnyvale,152323
1113,Cotati,7470
1114,Forestville,3685
1115,Graton,1877
1116,Occidental,833
1117,Corning,7535
1118,Gridley,6585
1119,Tehama,445
1120,Casa de Oro-Mount Helix,19635
1121,San Diego,1401932
1122,Bradley,107
1123,King City,13834
1124,Salinas,156550
1125,Fairfield,114101
1126,Alpine Village,155
1127,Kirkwood,76
1128,San Luis Obispo,47160
1129,Edgewood,40
1130,Gazelle,46
1131,Los Gatos,30922
1132,Loyola,3364
1133,Stanford,15668
1134,Alpine,15233
1135,Camp Pendleton North,7903
1136,Dorris,868
1137,Cambria,5725
1138,Pismo Beach,8116
1139,Tulelake,838
1140,Palo Alto,67019
1141,Shafter,18923
1142,Valley Acres,617
1143,Martinez,38117
1144,Mountain View,2066
1145,Pittsburg,70492
1146,Walnut Creek,69007
1147,China Lake Acres,1947
1148,Half Moon Bay,12706
1149,Los Banos,38119
1150,Atherton,7185
1151,Daly City,106638
1152,Coulterville,38
1153,Avila Beach,1273
1154,University of California-Davis,7379
1155,Westmorland,2643
1156,Clayton,11967
1157,Concord,128758
1158,Danville,44417
1159,Discovery Bay,15981
1160,Pacheco,4355
1161,San Ramon,75384
1162,Amador City,167
1163,Sutter Creek,2538
1164,Clio,65
1165,C-Road,97
1166,East Shore,169
1167,Greenhorn,254
1168,Anderson,10265
1169,Redding,91327
1170,Diamond Springs,11989
1171,Placerville,10860
1172,Pollock Pines,6905
1173,Jackson,4694
1174,Plymouth,894
1175,Bishop,3765
1176,Darwin,56
1177,Lone Pine,1837
1178,Mesa,317
1179,Caribou,0
1180,Chester,2116
1181,Hamilton Branch,612
1182,Lake Davis,65
1183,Spring Garden,13
1184,Whitehawk,66
1185,Manteca,77073
1186,Ripon,15367
1187,Taft Mosswood,951
1188,Raisin City,389
1189,San Jose,1026658
1190,San Martin,7010
1191,San Francisco,870044
1192,Santa Clara,126209
1193,Bonita,13324
1194,Harbison Canyon,4223
1195,Denair,5131
1196,Oakdale,22599
1197,Los Angeles,3959657
1198,Palos Verdes Estates,13523
1199,Rolling Hills Estates,8187
1200,Stanton,38509
1201,Richgrove,2611
1202,Laguna Beach,23147
1203,Placentia,52049
1204,Fairhaven,145
1205,Fort Dick,830
1206,Hoopa,3573
1207,Little Valley,18
1208,Pala,1143
1209,Westside,182
1210,Madison,563
1211,Mad River,432
1212,Manchester,199
1213,Manila,834
1214,Marin City,3173
1215,Martell,300
1216,Matheny,1134
1217,Mather,4408
1218,March ARB,1150
1219,Maxwell,1096
1220,Mayfair,5091
1221,Meadowbrook,3033
1222,Willows,6022
1223,Rosemead,54417
1224,South San Gabriel,8643
1225,Aptos,5797
1226,Boulder Creek,4712
1227,Auburn,13946
1228,Dollar Point,786
1229,Ducor,651
1230,Exeter,10505
1231,Palm Desert,52124
1232,Calipatria,7458
1233,Palo Verde,85
1234,Seeley,1699
1235,Bonadelle Ranchos-Madera Ranchos,8971
1236,Ione,7439
1237,Independence,542
1238,Olancha,213
1239,Pearsonville,29
1240,Tecopa,146
1241,Cromberg,253
1242,Graeagle,596
1243,Indian Falls,54
1244,Plumas Eureka,333
1245,Prattville,28
1246,Quincy,1895
1247,South Dos Palos,1682
1248,Jenner,32
1249,Johnstonville,1185
1250,Junction City,688
1251,June Lake,508
1252,Kelly Ridge,2679
1253,Kennedy Meadows,20
1254,Kenwood,800
1255,Big Bend,96
1256,Palo Cedro,1151
1257,Cobb,920
1258,Myrtletown,5290
1259,Pine Hills,3146
1260,Weaverville,3240
1261,Julian,930
1262,Pine Valley,1669
1263,Ramona,20260
1264,Santee,57615
1265,Vista,100108
1266,Winter Gardens,23088
1267,El Verano,3424
1268,Kentfield,6930
1269,Taft,9307
1270,Santa Clarita,209478
1271,Las Lomas,3755
1272,Culver City,39295
1273,Mayflower Village,5822
1274,Montebello,63099
1275,Pico Rivera,63432
1276,Signal Hill,11538
1277,South Whittier,60096
1278,Walnut Park,16034
1279,Westlake Village,8424
1280,Willow Creek,1539
1281,Nice,2393
1282,Upper Lake,1050
1283,Fortuna,12117
1284,Trinidad,272
1285,Westhaven-Moonstone,1084
1286,Bombay Beach,415
1287,Niland,515
1288,North Tustin,24736
1289,Orosi,7441
1290,Rancho Cordova,72056
1291,Lamont,15222
1292,Pine Mountain Club,1803
1293,Norco,26569
1294,Riverside,323935
1295,Temecula,112230
1296,Gustine,5774
1297,Pacifica,39065
1298,Dustin Acres,590
1299,Ford City,4365
1300,Kernville,1007
1301,Lower Lake,1595
1302,Lagunitas-Forest Knolls,1504
1303,Larkspur,12375
1304,Tomales,253
1305,Farmington,89
1306,Mission Viejo,96124
1307,Amesti,2832
1308,Corralitos,2381
1309,Lodi,65006
1310,Freedom,3719
1311,Scotts Valley,11900
1312,Pleasanton,80847
1313,Covelo,1165
1314,Ukiah,15946
1315,Atwater,29197
1316,Oakland,421042
1317,Piedmont,11308
1318,Del Rey,1498
1319,Fowler,6364
1320,Kingsburg,11839
1321,Orange Cove,9564
1322,Burbank,104275
1323,Desert View Highlands,2496
1324,East Los Angeles,119827
1325,East Pasadena,5971
1326,Kingvale,73
1327,Knights Landing,869
1328,Keswick,430
1329,Ladera,1465
1330,Ladera Ranch,30288
1331,La Honda,711
1332,Lake California,3281
1333,Lake City,59
1334,Lake Don Pedro,1030
1335,Lakehead,617
1336,Lake Hughes,587
1337,Lake Mathews,6848
1338,Lake Riverside,1049
1339,Lake Sherwood,1835
1340,La Selva Beach,2917
1341,Las Flores (Orange County),5877
1342,Las Flores (Tehama County),294
1343,La Vina,239
1344,Lee Vining,89
1345,Bethel Island,2010
1346,Desert Hot Springs,28430
1347,Friant,548
1348,Sunol,962
1349,Union City,74601
1350,Caruthers,2773
1351,Riverdale,3625
1352,Selma,24598
1353,Davis,67988
1354,Sierra Brooks,299
1355,Sierra City,152
1356,Sierra Village,330
1357,Sierraville,103
1358,Silverado Resort,937
1359,Silver City,0
1360,Silver Lakes,5966
1361,Sisquoc,148
1362,Sky Valley,2430
1363,Sleepy Hollow,2200
1364,Smartsville,163
1365,Smith Corner,664
1366,Smith River,632
1367,Snelling,101
1368,Soda Bay,941
1369,Soda Springs,21
1370,South Monrovia Island,7192
1371,Spaulding,110
1372,Spring Valley (Lake County),1081
1373,Spring Valley (San Diego County),31591
1374,Spring Valley Lake,7744
1375,Stevenson Ranch,19364
1376,Stevinson,331
1377,Stirling City,307
1378,Stonyford,136
1379,Strawberry (Marin County),5759
1380,Strawberry (Tuolumne County),5
1381,Sugarloaf Mountain Park,0
1382,Sugarloaf Saw Mill,0
1383,Sugarloaf Village,10
1384,Sultana,1030
1385,Sunnyside,4451
1386,Sunny Slopes,80
1387,Sun Village,13516
1388,Swall Meadows,218
1389,Tahoma,867
1390,Tarpey Village,3390
1391,Terminous,411
1392,Hidden Meadows,3386
1393,Jamul,5384
1394,La Mesa,59562
1395,Aromas,2553
1396,Boronda,1066
1397,Gonzales,8402
1398,Marina,21608
1399,Pajaro,3561
1400,Vacaville,97943
1401,Coto de Caza,14931
1402,La Palma,15733
1403,Newport Beach,86280
1404,San Clemente,65045
1405,Loma Rica,3088
1406,Berkeley,120926
1407,Fremont,233083
1408,Auberry,2476
1409,Firebaugh,8295
1410,Squaw Valley,3449
1411,Avocado Heights,15903
1412,Bellflower,77529
1413,Calabasas,24077
1414,Arden-Arcade,100548
1415,Citrus Heights,87061
1416,Gold River,7523
1417,Wilton,5307
1418,Mesa Vista,278
1419,Cayucos,2692
1420,Templeton,7938
1421,Dunsmuir,1589
1422,Greenview,283
1423,Macdoel,105
1424,Weed,2677
1425,Cambrian Park,3094
1426,Campbell,42470
1427,Cupertino,60614
1428,Gilroy,55525
1429,Larkfield-Wikiup,8926
1430,Chino Hills,79298
1431,Fontana,208943
1432,Rancho Cucamonga,175679
1433,Upland,76382
1434,Mono Vista,3504
1435,East Quincy,2622
1436,Johnsville,0
1437,Keddie,41
1438,Madera Acres,9946
1439,Parkwood,1853
1440,Mokelumne Hill,637
1441,Rail Road Flat,283
1442,East Sonora,2189
1443,North Edwards,944
1444,Fellows,49
1445,Maricopa,1175
1446,Ridgecrest,28736
1447,Tupman,186
1448,Weldon,2181
1449,Meiners Oaks,3508
1450,Oak View,4720
1451,Piru,2019
1452,Blue Lake,981
1453,Cutten,3029
1454,Ferndale,1365
1455,Hydesville,978
1456,Antioch,110730
1457,Clyde,676
1458,Kensington,5415
1459,Knightsen,1500
1460,Orinda,19431
1461,Lake Isabella,3454
1462,Bear Valley (Mariposa County),203
1463,Bella Vista,2614
1464,Big Creek,188
1465,Big Lagoon,118
1466,Blackhawk,9860
1467,Blacklake,892
1468,Boonville,852
1469,Bloomfield,387
1470,Citrus,10771
1471,Grenada,477
1472,Norwalk,105886
1473,Taft Heights,2424
1474,Biola,1451
1475,Santa Cruz,64273
1476,Ceres,47975
1477,Hawaiian Gardens,14411
1478,La Puente,40268
1479,Monterey Park,60792
1480,Paramount,54776
1481,San Fernando,24585
1482,Santa Monica,92078
1483,South El Monte,20727
1484,South Gate,95103
1485,South Pasadena,25824
1486,West Covina,107242
1487,West Hollywood,36384
1488,Garden Grove,174010
1489,Laguna Niguel,65652
1490,Yorba Linda,67815
1491,Challenge-Brownsville,864
1492,Linda,19314
1493,Wheatland,3747
1494,Santa Maria,105483
1495,Buellton,5092
1496,Guadalupe,7350
1497,Santa Barbara,91325
1498,Fall River Mills,273
1499,French Gulch,441
1500,Montgomery Creek,61
1501,Shasta Lake,10142
1502,Vincent,17008
1503,Temescal Valley,26709
1504,Whitewater,976
1505,Pleasure Point,6277
1506,Contra Costa Centre,6497
1507,Esparto,3783
1508,Aptos Hills-Larkin Valley,1993
1509,Ben Lomond,7071
1510,Capitola,10135
1511,Lanare,234
1512,Laton,2166
1513,Mendota,11393
1514,Tranquillity,839
1515,Bell Gardens,42641
1516,Beverly Hills,34362
1517,Covina,48403
1518,Del Aire,10065
1519,Downey,112901
1520,Glendale,200372
